"timestamp","door","existence","humidity","illuminance","lighting_lower","lighting_upper","motion","plug","rollershade","temperature"
1660349825123,0,0,55.95,4,0,0,0,0,0,31.51
1660351056124,0,0,55.95,4,0,0,0,0,0,30.29
1660353119187,0,0,55.95,4,0,0,0,0,0,30.15
1660356413282,0,0,55.95,4,0,0,0,0,0,30.49
1660359707408,0,0,55.95,4,0,0,0,0,0,30.56
1660363001603,0,0,55.95,4,0,0,0,0,0,30.45
1660366295789,0,0,55.95,4,0,0,0,0,0,30.2
1660369589925,0,0,55.95,4,0,0,0,0,0,29.99
1660372883974,0,0,55.95,4,0,0,0,0,0,30.15
1660376178036,0,0,55.95,4,0,0,0,0,0,30.19
1660379472140,0,0,55.95,4,0,0,0,0,0,30.06
1660382766177,0,0,55.95,4,0,0,0,0,0,30.18
1660385906552,0,0,55.95,4,0,0,0,0,0,29.78
1660386060269,0,0,55.95,4,0,0,0,0,0,29.82
1660389354167,0,0,55.95,4,0,0,0,0,0,29.43
1660392648020,0,0,55.95,4,0,0,0,0,0,29.73
1660395941869,0,0,55.95,4,0,0,0,0,0,29.79
1660399235738,0,0,55.95,4,0,0,0,0,0,29.76
1660402529560,0,0,55.95,4,0,0,0,0,0,29.84
1660405823506,0,0,55.95,4,0,0,0,0,0,29.91
1660409117443,0,0,55.95,4,0,0,0,0,0,30.03
1660412411467,0,0,55.95,4,0,0,0,0,0,30.05
1660415705419,0,0,55.95,4,0,0,0,0,0,30.13
1660418999493,0,0,55.95,4,0,0,0,0,0,30.19
1660420965657,0,0,55.95,4,0,0,0,0,0,30.29
1660422293488,0,0,55.95,4,0,0,0,0,0,30.26
1660425587410,0,0,55.95,4,0,0,0,0,0,30.36
1660428881414,0,0,55.95,4,0,0,0,0,0,30.66
1660432175395,0,0,55.95,4,0,0,0,0,0,30.74
1660435469375,0,0,55.95,4,0,0,0,0,0,30.33
1660438763359,0,0,55.95,4,0,0,0,0,0,30.31
1660442057367,0,0,55.95,4,0,0,0,0,0,30.61
1660445351345,0,0,55.95,4,0,0,0,0,0,30.73
1660446714040,0,0,55.95,4,0,0,0,0,0,30.81
1660448645488,0,0,55.95,4,0,0,0,0,0,30.77
1660451939614,0,0,55.95,4,0,0,0,0,0,30.95
1660455233751,0,0,55.95,4,0,0,0,0,0,31.11
1660458527905,0,0,55.95,4,0,0,0,0,0,31.21
1660461822052,0,0,55.95,4,0,0,0,0,0,31.25
1660463360360,0,0,55.95,4,0,0,0,0,0,31.32
1660465116207,0,0,55.95,4,0,0,0,0,0,31.28
1660468410380,0,0,55.95,4,0,0,0,0,0,31.22
1660471704553,0,0,55.95,4,0,0,0,0,0,31.16
1660474998727,0,0,55.95,4,0,0,0,0,0,31.09
1660476679660,0,0,55.95,4,0,0,0,0,0,30.79
1660478292802,0,0,55.95,4,0,0,0,0,0,30.66
1660481586821,0,0,55.95,4,0,0,0,0,0,30.49
1660484880845,0,0,55.95,4,0,0,0,0,0,30.43
1660485354665,0,0,55.95,4,0,0,0,0,0,30.27
1660488174810,0,0,55.95,4,0,0,0,0,0,30.08
1660491468754,0,0,55.95,4,0,0,0,0,0,30.22
1660494762797,0,0,55.95,4,0,0,0,0,0,30.36
1660498056718,0,0,55.95,4,0,0,0,0,0,30.49
1660501350712,0,0,55.95,4,0,0,0,0,0,30.5
1660504644794,0,0,55.95,4,0,0,0,0,0,30.58
1660507938929,0,0,55.95,4,0,0,0,0,0,30.63
1660511233015,0,0,55.95,4,0,0,0,0,0,30.64
1660514527153,0,0,55.95,4,0,0,0,0,0,30.68
1660517821274,0,0,55.95,4,0,0,0,0,0,30.73
1660519743631,0,0,55.95,4,0,0,0,0,0,30.78
1660521115402,0,0,55.95,4,0,0,0,0,0,30.73
1660524409493,0,0,55.95,4,0,0,0,0,0,30.3
1660524422441,0,0,55.95,4,0,0,0,0,0,30.27
1660527703543,0,0,55.95,4,0,0,0,0,0,30.24
1660530997601,0,0,55.95,4,0,0,0,0,0,30.51
1660534291707,0,0,55.95,4,0,0,0,0,0,30.63
1660536751633,0,0,55.95,4,0,0,0,0,0,30.78
1660537585652,0,0,55.95,4,0,0,0,0,0,30.81
1660540879689,0,0,55.95,4,0,0,0,0,0,30.92
1660544173685,0,0,55.95,4,0,0,0,0,0,31.02
1660547467825,0,0,55.95,4,0,0,0,0,0,31.09
1660554056003,0,0,55.95,4,0,0,0,0,0,31.07
1660557350124,0,0,55.95,4,0,0,0,0,0,30.88
1660560644062,0,0,55.95,4,0,0,0,0,0,30.6
1660563938025,0,0,55.95,4,0,0,0,0,0,30.45
1660565004370,0,0,55.95,4,0,0,0,0,0,30.27
1660567231944,0,0,55.95,4,0,0,0,0,0,30.1
1660570525839,0,0,55.95,4,0,0,0,0,0,30.23
1660573819755,0,0,55.95,4,0,0,0,0,0,30.3
1660580407614,0,0,55.95,4,0,0,0,0,0,30.26
1660583701538,0,0,55.95,4,0,0,0,0,0,30.34
1660586995500,0,0,55.95,4,0,0,0,0,0,30.39
1660593583488,0,0,55.95,4,0,0,0,0,0,30.43
1660596877490,0,0,55.95,4,0,0,0,0,0,30.41
1660600171620,0,0,55.95,4,0,0,0,0,0,30.41
1660603465616,0,0,55.95,4,0,0,0,0,0,30.46
1660606759639,0,0,55.95,4,0,0,0,0,0,30.49
1660610053729,0,0,55.95,4,0,0,0,0,0,30.31
1660613347612,0,0,55.95,4,0,0,0,0,0,29.92
1660616641573,0,0,55.95,4,0,0,0,0,0,30.08
1660619935520,0,0,55.95,4,0,0,0,0,0,30.2
1660626523572,0,0,55.95,4,0,0,0,0,0,30.16
1660629817447,0,0,55.95,4,0,0,0,0,0,30
1660633111374,0,0,55.95,4,0,0,0,0,0,30.08
1660636405347,0,0,55.95,4,0,0,0,0,0,30.13
1660639699304,0,0,55.95,4,0,0,0,0,0,29.85
1660640359653,0,0,55.95,4,0,0,0,0,0,29.76
1660642993173,0,0,55.95,4,0,0,0,0,0,29.68
1660646286950,0,0,55.95,4,0,0,0,0,0,29.84
1660281670567,0,0,54.95,4,0,0,0,0,0,29.84
1660283942213,0,0,53.48,4,0,0,0,0,0,29.84
1660287236284,0,0,60.08,4,0,0,0,0,0,29.84
1660293824593,0,0,59.42,4,0,0,0,0,0,29.84
1660297118723,0,0,61.72,4,0,0,0,0,0,29.84
1660303707034,0,0,64.08,4,0,0,0,0,0,29.84
1660307001261,0,0,63.28,4,0,0,0,0,0,29.84
1660313589522,0,0,65.93,4,0,0,0,0,0,29.84
1660315994741,0,0,67.06,4,0,0,0,0,0,29.84
1660320177806,0,0,65.14,4,0,0,0,0,0,29.84
1660323471788,0,0,66.75,4,0,0,0,0,0,29.84
1660330060163,0,0,68.17,4,0,0,0,0,0,29.84
1660333354378,0,0,68.67,4,0,0,0,0,0,29.84
1660339942656,0,0,69.66,4,0,0,0,0,0,29.84
1660343236841,0,0,69.87,4,0,0,0,0,0,29.84
1660350101424,0,0,61,4,0,0,0,0,0,29.84
1660351549925,0,0,54.91,4,0,0,0,0,0,29.84
1660353856373,0,0,60.92,4,0,0,0,0,0,29.84
1660363234009,0,0,60.73,4,0,0,0,0,0,29.84
1660388783533,0,0,48.59,4,0,0,0,0,0,29.84
1660392296831,0,0,54.65,4,0,0,0,0,0,29.84
1660408480952,0,0,60.68,4,0,0,0,0,0,29.84
1660476438237,0,0,60.62,4,0,0,0,0,0,29.84
1660485222985,0,0,54.48,4,0,0,0,0,0,29.84
1660523180407,0,0,60.43,4,0,0,0,0,0,29.84
1660524168029,0,0,54.18,4,0,0,0,0,0,29.84
1660528835752,0,0,60.2,4,0,0,0,0,0,29.84
1660533918515,0,0,66.22,4,0,0,0,0,0,29.84
1660550761886,0,0,64.22,4,0,0,0,0,0,29.84
1660556987889,0,0,60.12,4,0,0,0,0,0,29.84
1660577113712,0,0,59.26,4,0,0,0,0,0,29.84
1660610505573,0,0,60.08,4,0,0,0,0,0,29.84
1660611954007,0,0,54.03,4,0,0,0,0,0,29.84
1660649580823,0,0,57.25,4,0,0,0,0,0,29.84
1660368157704,0,1,57.25,4,0,0,0,0,0,29.84
1660368325799,0,0,57.25,4,0,0,0,0,0,29.84
1660376812905,0,1,57.25,4,0,0,0,0,0,29.84
1660376824439,0,0,57.25,4,0,0,0,0,0,29.84
1660376838799,0,1,57.25,4,0,0,0,0,0,29.84
1660377691377,0,0,57.25,4,0,0,0,0,0,29.84
1660378260381,0,1,57.25,4,0,0,0,0,0,29.84
1660381194906,0,0,57.25,4,0,0,0,0,0,29.84
1660381579078,0,1,57.25,4,0,0,0,0,0,29.84
1660381679104,0,0,57.25,4,0,0,0,0,0,29.84
1660381797382,0,1,57.25,4,0,0,0,0,0,29.84
1660382123133,0,0,57.25,4,0,0,0,0,0,29.84
1660382446872,0,1,57.25,4,0,0,0,0,0,29.84
1660382486224,0,0,57.25,4,0,0,0,0,0,29.84
1660382893687,0,1,57.25,4,0,0,0,0,0,29.84
1660382933516,0,0,57.25,4,0,0,0,0,0,29.84
1660383256168,0,1,57.25,4,0,0,0,0,0,29.84
1660383269646,0,0,57.25,4,0,0,0,0,0,29.84
1660383409444,0,1,57.25,4,0,0,0,0,0,29.84
1660383420987,0,0,57.25,4,0,0,0,0,0,29.84
1660385448334,0,1,57.25,4,0,0,0,0,0,29.84
1660385475333,0,0,57.25,4,0,0,0,0,0,29.84
1660424988724,0,1,57.25,4,0,0,0,0,0,29.84
1660425001583,0,0,57.25,4,0,0,0,0,0,29.84
1660425011782,0,1,57.25,4,0,0,0,0,0,29.84
1660433751158,0,0,57.25,4,0,0,0,0,0,29.84
1660433758549,0,1,57.25,4,0,0,0,0,0,29.84
1660433795099,0,0,57.25,4,0,0,0,0,0,29.84
1660433821810,0,1,57.25,4,0,0,0,0,0,29.84
1660433860546,0,0,57.25,4,0,0,0,0,0,29.84
1660434198407,0,1,57.25,4,0,0,0,0,0,29.84
1660434213005,0,0,57.25,4,0,0,0,0,0,29.84
1660434432373,0,1,57.25,4,0,0,0,0,0,29.84
1660434721368,0,0,57.25,4,0,0,0,0,0,29.84
1660434736137,0,1,57.25,4,0,0,0,0,0,29.84
1660434753113,0,0,57.25,4,0,0,0,0,0,29.84
1660437026599,0,1,57.25,4,0,0,0,0,0,29.84
1660437048341,0,0,57.25,4,0,0,0,0,0,29.84
1660437057907,0,1,57.25,4,0,0,0,0,0,29.84
1660438760875,0,0,57.25,4,0,0,0,0,0,29.84
1660438775202,0,1,57.25,4,0,0,0,0,0,29.84
1660438831527,0,0,57.25,4,0,0,0,0,0,29.84
1660439736477,0,1,57.25,4,0,0,0,0,0,29.84
1660439744525,0,0,57.25,4,0,0,0,0,0,29.84
1660440280287,0,1,57.25,4,0,0,0,0,0,29.84
1660440307482,0,0,57.25,4,0,0,0,0,0,29.84
1660440319444,0,1,57.25,4,0,0,0,0,0,29.84
1660442360096,0,0,57.25,4,0,0,0,0,0,29.84
1660443013900,0,1,57.25,4,0,0,0,0,0,29.84
1660443041973,0,0,57.25,4,0,0,0,0,0,29.84
1660444558768,0,1,57.25,4,0,0,0,0,0,29.84
1660444583589,0,0,57.25,4,0,0,0,0,0,29.84
1660448028811,0,1,57.25,4,0,0,0,0,0,29.84
1660448084926,0,0,57.25,4,0,0,0,0,0,29.84
1660491492810,0,1,57.25,4,0,0,0,0,0,29.84
1660491500679,0,0,57.25,4,0,0,0,0,0,29.84
1660517707253,0,1,57.25,4,0,0,0,0,0,29.84
1660517727509,0,0,57.25,4,0,0,0,0,0,29.84
1660517856192,0,1,57.25,4,0,0,0,0,0,29.84
1660517868373,0,0,57.25,4,0,0,0,0,0,29.84
1660519389118,0,1,57.25,4,0,0,0,0,0,29.84
1660519406952,0,0,57.25,4,0,0,0,0,0,29.84
1660519514591,0,1,57.25,4,0,0,0,0,0,29.84
1660519547006,0,0,57.25,4,0,0,0,0,0,29.84
1660519563706,0,1,57.25,4,0,0,0,0,0,29.84
1660519598101,0,0,57.25,4,0,0,0,0,0,29.84
1660519855936,0,1,57.25,4,0,0,0,0,0,29.84
1660519880765,0,0,57.25,4,0,0,0,0,0,29.84
1660519888126,0,1,57.25,4,0,0,0,0,0,29.84
1660519930986,0,0,57.25,4,0,0,0,0,0,29.84
1660520797437,0,1,57.25,4,0,0,0,0,0,29.84
1660520993352,0,0,57.25,4,0,0,0,0,0,29.84
1660521133586,0,1,57.25,4,0,0,0,0,0,29.84
1660521148382,0,0,57.25,4,0,0,0,0,0,29.84
1660521183390,0,1,57.25,4,0,0,0,0,0,29.84
1660521496093,0,0,57.25,4,0,0,0,0,0,29.84
1660521917456,0,1,57.25,4,0,0,0,0,0,29.84
1660521970313,0,0,57.25,4,0,0,0,0,0,29.84
1660523012876,0,1,57.25,4,0,0,0,0,0,29.84
1660523022047,0,0,57.25,4,0,0,0,0,0,29.84
1660523729992,0,1,57.25,4,0,0,0,0,0,29.84
1660523760024,0,0,57.25,4,0,0,0,0,0,29.84
1660525386847,0,1,57.25,4,0,0,0,0,0,29.84
1660525402524,0,0,57.25,4,0,0,0,0,0,29.84
1660525751488,0,1,57.25,4,0,0,0,0,0,29.84
1660526876733,0,0,57.25,4,0,0,0,0,0,29.84
1660527193945,0,1,57.25,4,0,0,0,0,0,29.84
1660528331785,0,0,57.25,4,0,0,0,0,0,29.84
1660528413332,0,1,57.25,4,0,0,0,0,0,29.84
1660528999309,0,0,57.25,4,0,0,0,0,0,29.84
1660529106941,0,1,57.25,4,0,0,0,0,0,29.84
1660529186983,0,0,57.25,4,0,0,0,0,0,29.84
1660622207479,0,1,57.25,4,0,0,0,0,0,29.84
1660622221646,0,0,57.25,4,0,0,0,0,0,29.84
1660628345901,0,1,57.25,4,0,0,0,0,0,29.84
1660628353729,0,0,57.25,4,0,0,0,0,0,29.84
1660633373208,0,1,57.25,4,0,0,0,0,0,29.84
1660633411270,0,0,57.25,4,0,0,0,0,0,29.84
1660636492761,0,1,57.25,4,0,0,0,0,0,29.84
1660636514719,0,0,57.25,4,0,0,0,0,0,29.84
1660137928014,0,0,57.25,4,0,0,0,0,0,29.84
1660205843666,0,0,57.25,4,0,0,0,0,0,29.84
1660266596917,0,0,57.25,4,0,0,0,0,0,29.84
1660101889498,0,0,57.25,4,0,1,0,0,0,29.84
1660101890017,0,0,57.25,4,0,0,0,0,0,29.84
1660102036867,0,0,57.25,4,0,1,0,0,0,29.84
1660102039077,0,0,57.25,4,0,0,0,0,0,29.84
1660125086784,0,0,57.25,4,0,1,0,0,0,29.84
1660125087792,0,0,57.25,4,0,0,0,0,0,29.84
1660127581426,0,0,57.25,4,0,1,0,0,0,29.84
1660128273537,0,0,57.25,4,0,0,0,0,0,29.84
1660164223670,0,0,57.25,4,0,1,0,0,0,29.84
1660171327658,0,0,57.25,4,0,0,0,0,0,29.84
1660175169420,0,0,57.25,4,0,1,0,0,0,29.84
1660176389388,0,0,57.25,4,0,0,0,0,0,29.84
1660200578994,0,0,57.25,4,0,1,0,0,0,29.84
1660200580500,0,0,57.25,4,0,0,0,0,0,29.84
1660209747101,0,0,57.25,4,0,1,0,0,0,29.84
1660209894595,0,0,57.25,4,0,0,0,0,0,29.84
1660209895266,0,0,57.25,4,0,1,0,0,0,29.84
1660221092599,0,0,57.25,4,0,0,0,0,0,29.84
1660222861209,0,0,57.25,4,0,1,0,0,0,29.84
1660235878442,0,0,57.25,4,0,0,0,0,0,29.84
1660250799237,0,0,57.25,4,0,1,0,0,0,29.84
1660256693614,0,0,57.25,4,0,0,0,0,0,29.84
1660261019599,0,0,57.25,4,0,1,0,0,0,29.84
1660265861814,0,0,57.25,4,0,0,0,0,0,29.84
1660282621817,0,0,57.25,4,0,1,0,0,0,29.84
1660289513303,0,0,57.25,4,0,0,0,0,0,29.84
1660304193518,0,0,57.25,4,0,1,0,0,0,29.84
1660306609435,0,0,57.25,4,0,0,0,0,0,29.84
1660337083935,0,0,57.25,4,0,1,0,0,0,29.84
1660345811362,0,0,57.25,4,0,0,0,0,0,29.84
1660346606582,0,0,57.25,4,0,1,0,0,0,29.84
1660353838117,0,0,57.25,4,0,0,0,0,0,29.84
1660383953293,0,0,57.25,4,0,1,0,0,0,29.84
1660383954304,0,0,57.25,4,0,0,0,0,0,29.84
1660384104928,0,0,57.25,4,0,1,0,0,0,29.84
1660388800730,0,0,57.25,4,0,0,0,0,0,29.84
1660391032825,0,0,57.25,4,0,1,0,0,0,29.84
1660395270550,0,0,57.25,4,0,0,0,0,0,29.84
1660442648584,0,0,57.25,4,0,1,0,0,0,29.84
1660472330337,0,0,57.25,4,0,0,0,0,0,29.84
1660473236179,0,0,57.25,4,0,1,0,0,0,29.84
1660473237323,0,0,57.25,4,0,0,0,0,0,29.84
1660473239067,0,0,57.25,4,0,1,0,0,0,29.84
1660473932222,0,0,57.25,4,0,0,0,0,0,29.84
1660514514916,0,0,57.25,4,0,1,0,0,0,29.84
1660514515917,0,0,57.25,4,0,0,0,0,0,29.84
1660514516415,0,0,57.25,4,0,1,0,0,0,29.84
1660514993436,0,0,57.25,4,0,0,0,0,0,29.84
1660521007524,0,0,57.25,4,0,1,0,0,0,29.84
1660521168156,0,0,57.25,4,0,0,0,0,0,29.84
1660365662620,0,0,57.25,4,1,0,0,0,0,29.84
1660365725848,0,0,57.25,4,0,0,0,0,0,29.84
1660372780180,0,0,57.25,4,1,0,0,0,0,29.84
1660372937371,0,0,57.25,4,0,0,0,0,0,29.84
1660373876809,0,0,57.25,4,1,0,0,0,0,29.84
1660378168096,0,0,57.25,4,0,0,0,0,0,29.84
1660381671146,0,0,57.25,4,1,0,0,0,0,29.84
1660381723817,0,0,57.25,4,0,0,0,0,0,29.84
1660381841822,0,0,57.25,4,1,0,0,0,0,29.84
1660381842864,0,0,57.25,4,0,0,0,0,0,29.84
1660384006783,0,0,57.25,4,0,0,0,0,0,29.84
1660384105452,0,0,57.25,4,1,0,0,0,0,29.84
1660384106949,0,0,57.25,4,0,0,0,0,0,29.84
1660384108104,0,0,57.25,4,1,0,0,0,0,29.84
1660384153161,0,0,57.25,4,0,0,0,0,0,29.84
1660388801224,0,0,57.25,4,1,0,0,0,0,29.84
1660388919613,0,0,57.25,4,0,0,0,0,0,29.84
1660390923565,0,0,57.25,4,1,0,0,0,0,29.84
1660391033327,0,0,57.25,4,0,0,0,0,0,29.84
1660394940021,0,0,57.25,4,1,0,0,0,0,29.84
1660395271705,0,0,57.25,4,0,0,0,0,0,29.84
1660395467999,0,0,57.25,4,1,0,0,0,0,29.84
1660395635851,0,0,57.25,4,0,0,0,0,0,29.84
1660419937957,0,0,57.25,4,1,0,0,0,0,29.84
1660420014907,0,0,57.25,4,0,0,0,0,0,29.84
1660429561142,0,0,57.25,4,1,0,0,0,0,29.84
1660429697961,0,0,57.25,4,0,0,0,0,0,29.84
1660433049063,0,0,57.25,4,1,0,0,0,0,29.84
1660433505163,0,0,57.25,4,0,0,0,0,0,29.84
1660436205890,0,0,57.25,4,1,0,0,0,0,29.84
1660436289434,0,0,57.25,4,0,0,0,0,0,29.84
1660437998714,0,0,57.25,4,1,0,0,0,0,29.84
1660438206784,0,0,57.25,4,0,0,0,0,0,29.84
1660442603627,0,0,57.25,4,1,0,0,0,0,29.84
1660442887417,0,0,57.25,4,0,0,0,0,0,29.84
1660444295980,0,0,57.25,4,1,0,0,0,0,29.84
1660446241143,0,0,57.25,4,0,0,0,0,0,29.84
1660446324895,0,0,57.25,4,1,0,0,0,0,29.84
1660446510675,0,0,57.25,4,0,0,0,0,0,29.84
1660472329600,0,0,57.25,4,1,0,0,0,0,29.84
1660472963228,0,0,57.25,4,0,0,0,0,0,29.84
1660473190801,0,0,57.25,4,1,0,0,0,0,29.84
1660473931697,0,0,57.25,4,0,0,0,0,0,29.84
1660479739913,0,0,57.25,4,1,0,0,0,0,29.84
1660480040585,0,0,57.25,4,0,0,0,0,0,29.84
1660481691752,0,0,57.25,4,1,0,0,0,0,29.84
1660481713450,0,0,57.25,4,0,0,0,0,0,29.84
1660491417117,0,0,57.25,4,1,0,0,0,0,29.84
1660491482963,0,0,57.25,4,0,0,0,0,0,29.84
1660512042489,0,0,57.25,4,1,0,0,0,0,29.84
1660512147369,0,0,57.25,4,0,0,0,0,0,29.84
1660513483067,0,0,57.25,4,1,0,0,0,0,29.84
1660513955138,0,0,57.25,4,0,0,0,0,0,29.84
1660514513648,0,0,57.25,4,1,0,0,0,0,29.84
1660514992911,0,0,57.25,4,0,0,0,0,0,29.84
1660514994736,0,0,57.25,4,0,0,0,0,0,29.84
1660515160890,0,0,57.25,4,1,0,0,0,0,29.84
1660515480868,0,0,57.25,4,0,0,0,0,0,29.84
1660518162912,0,0,57.25,4,1,0,0,0,0,29.84
1660518230779,0,0,57.25,4,0,0,0,0,0,29.84
1660518749493,0,0,57.25,4,1,0,0,0,0,29.84
1660518840493,0,0,57.25,4,0,0,0,0,0,29.84
1660519532555,0,0,57.25,4,1,0,0,0,0,29.84
1660519584285,0,0,57.25,4,0,0,0,0,0,29.84
1660520978168,0,0,57.25,4,1,0,0,0,0,29.84
1660521167193,0,0,57.25,4,0,0,0,0,0,29.84
1660525338873,0,0,57.25,4,1,0,0,0,0,29.84
1660525372173,0,0,57.25,4,0,0,0,0,0,29.84
1660526851956,0,0,57.25,4,1,0,0,0,0,29.84
1660527184524,0,0,57.25,4,0,0,0,0,0,29.84
1660528997255,0,0,57.25,4,1,0,0,0,0,29.84
1660529093290,0,0,57.25,4,0,0,0,0,0,29.84
1660554057421,0,0,57.25,4,1,0,0,0,0,29.84
1660554930141,0,0,57.25,4,0,0,0,0,0,29.84
1660604560806,0,0,57.25,4,1,0,0,0,0,29.84
1660604561631,0,0,57.25,4,0,0,0,0,0,29.84
1660604564717,0,0,57.25,4,1,0,0,0,0,29.84
1660605574162,0,0,57.25,4,0,0,0,0,0,29.84
1660609185177,0,0,57.25,4,1,0,0,0,0,29.84
1660609204318,0,0,57.25,4,0,0,0,0,0,29.84
1660609690066,0,0,57.25,4,1,0,0,0,0,29.84
1660609752283,0,0,57.25,4,0,0,0,0,0,29.84
1660616411716,0,0,57.25,4,1,0,0,0,0,29.84
1660616464239,0,0,57.25,4,0,0,0,0,0,29.84
1660621284244,0,0,57.25,4,1,0,0,0,0,29.84
1660621491360,0,0,57.25,4,0,0,0,0,0,29.84
1660626061708,0,0,57.25,4,1,0,0,0,0,29.84
1660626143442,0,0,57.25,4,0,0,0,0,0,29.84
1660630819987,0,0,57.25,4,1,0,0,0,0,29.84
1660630877501,0,0,57.25,4,0,0,0,0,0,29.84
1660652658747,0,0,57.25,4,1,0,0,0,0,29.84
1660652758416,0,0,57.25,4,0,0,0,0,0,29.84
1660652913673,0,0,57.25,4,1,0,0,0,0,29.84
1660652969845,0,0,57.25,4,0,0,0,0,0,29.84
1660653168726,0,0,57.25,4,1,0,0,0,0,29.84
1660653169247,0,0,57.25,4,0,0,0,0,0,29.84
1660127658460,1,0,57.25,4,0,0,0,0,0,29.84
1660127732429,1,0,57.25,4,0,0,0,0,0,29.84
1660209299906,0,0,57.25,4,0,0,0,0,0,29.84
1660209528026,1,0,57.25,4,0,0,0,0,0,29.84
1660209579087,0,0,57.25,4,0,0,0,0,0,29.84
1660209809182,1,0,57.25,4,0,0,0,0,0,29.84
1660209839118,0,0,57.25,4,0,0,0,0,0,29.84
1660209949334,1,0,57.25,4,0,0,0,0,0,29.84
1660262250205,0,0,57.25,4,0,0,0,0,0,29.84
1660262646235,1,0,57.25,4,0,0,0,0,0,29.84
1660263378677,0,0,57.25,4,0,0,0,0,0,29.84
1660263494286,1,0,57.25,4,0,0,0,0,0,29.84
1660267546095,0,0,57.25,4,0,0,0,0,0,29.84
1660267609736,1,0,57.25,4,0,0,0,0,0,29.84
1660352849762,0,0,57.25,4,0,0,0,0,0,29.84
1660353485988,1,0,57.25,4,0,0,0,0,0,29.84
1660386495468,0,0,57.25,4,0,0,0,0,0,29.84
1660386593275,1,0,57.25,4,0,0,0,0,0,29.84
1660438357807,0,0,57.25,4,0,0,0,0,0,29.84
1660438711297,1,0,57.25,4,0,0,0,0,0,29.84
1660472986967,0,0,57.25,4,0,0,0,0,0,29.84
1660473065899,1,0,57.25,4,0,0,0,0,0,29.84
1660528526548,0,0,57.25,4,0,0,0,0,0,29.84
1660528691342,1,0,57.25,4,0,0,0,0,0,29.84
1660528694199,0,0,57.25,4,0,0,0,0,0,29.84
1660528816083,1,0,57.25,4,0,0,0,0,0,29.84
1660547313281,1,0,57.25,3,0,0,0,0,0,29.84
1660547323216,1,0,57.25,4,0,0,0,0,0,29.84
1660547357986,1,0,57.25,5,0,0,0,0,0,29.84
1660547382820,1,0,57.25,6,0,0,0,0,0,29.84
1660547521887,1,0,57.25,4,0,0,0,0,0,29.84
1660547536791,1,0,57.25,3,0,0,0,0,0,29.84
1660547541760,1,0,57.25,5,0,0,0,0,0,29.84
1660547561635,1,0,57.25,3,0,0,0,0,0,29.84
1660547576536,1,0,57.25,3,0,0,0,0,0,29.84
1660547586470,1,0,57.25,4,0,0,0,0,0,29.84
1660547591441,1,0,57.25,5,0,0,0,0,0,29.84
1660547636141,1,0,57.25,6,0,0,0,0,0,29.84
1660547710644,1,0,57.25,5,0,0,0,0,0,29.84
1660547725548,1,0,57.25,4,0,0,0,0,0,29.84
1660547735479,1,0,57.25,3,0,0,0,0,0,29.84
1660547755354,1,0,57.25,4,0,0,0,0,0,29.84
1660547760323,1,0,57.25,5,0,0,0,0,0,29.84
1660547854689,1,0,57.25,1,0,0,0,0,0,29.84
1660547864623,1,0,57.25,1,0,0,0,0,0,29.84
1660547899393,1,0,57.25,4,0,0,0,0,0,29.84
1660547904366,1,0,57.25,6,0,0,0,0,0,29.84
1660547944096,1,0,57.25,4,0,0,0,0,0,29.84
1660547954033,1,0,57.25,6,0,0,0,0,0,29.84
1660547983832,1,0,57.25,4,0,0,0,0,0,29.84
1660547998736,1,0,57.25,3,0,0,0,0,0,29.84
1660548003706,1,0,57.25,3,0,0,0,0,0,29.84
1660548063304,1,0,57.25,1,0,0,0,0,0,29.84
1660548172582,1,0,57.25,3,0,0,0,0,0,29.84
1660548182509,1,0,57.25,4,0,0,0,0,0,29.84
1660548207342,1,0,57.25,3,0,0,0,0,0,29.84
1660548232182,1,0,57.25,3,0,0,0,0,0,29.84
1660548326547,1,0,57.25,1,0,0,0,0,0,29.84
1660548917545,1,0,57.25,1,0,0,0,0,0,29.84
1660548962245,1,0,57.25,1,0,0,0,0,0,29.84
1660549001981,1,0,57.25,1,0,0,0,0,0,29.84
1660549165867,1,0,57.25,3,0,0,0,0,0,29.84
1660549309888,1,0,57.25,4,0,0,0,0,0,29.84
1660549344653,1,0,57.25,4,0,0,0,0,0,29.84
1660549404250,1,0,57.25,3,0,0,0,0,0,29.84
1660549409219,1,0,57.25,5,0,0,0,0,0,29.84
1660549498612,1,0,57.25,4,0,0,0,0,0,29.84
1660549538349,1,0,57.25,3,0,0,0,0,0,29.84
1660549647606,1,0,57.25,3,0,0,0,0,0,29.84
1660549970410,1,0,57.25,3,0,0,0,0,0,29.84
1660550099539,1,0,57.25,3,0,0,0,0,0,29.84
1660550183972,1,0,57.25,1,0,0,0,0,0,29.84
1660550523688,1,0,57.25,3,0,0,0,0,0,29.84
1660550553491,1,0,57.25,4,0,0,0,0,0,29.84
1660550583292,1,0,57.25,4,0,0,0,0,0,29.84
1660550627994,1,0,57.25,1,0,0,0,0,0,29.84
1660550647862,1,0,57.25,5,0,0,0,0,0,29.84
1660550776986,1,0,57.25,4,0,0,0,0,0,29.84
1660550806794,1,0,57.25,3,0,0,0,0,0,29.84
1660550881288,1,0,57.25,3,0,0,0,0,0,29.84
1660550921023,1,0,57.25,3,0,0,0,0,0,29.84
1660551060081,1,0,57.25,1,0,0,0,0,0,29.84
1660551084917,1,0,57.25,8,0,0,0,0,0,29.84
1660553334712,1,0,57.25,1,0,0,0,0,0,29.84
1660560330886,1,0,57.25,0,0,0,0,0,0,29.84
1660563610166,1,0,57.25,0,0,0,0,0,0,29.84
1660570168966,1,0,57.25,0,0,0,0,0,0,29.84
1660573448338,1,0,57.25,0,0,0,0,0,0,29.84
1660580007356,1,0,57.25,0,0,0,0,0,0,29.84
1660583286864,1,0,57.25,0,0,0,0,0,0,29.84
1660589845917,1,0,57.25,0,0,0,0,0,0,29.84
1660593125587,1,0,57.25,0,0,0,0,0,0,29.84
1660599684746,1,0,57.25,0,0,0,0,0,0,29.84
1660602964378,1,0,57.25,4,0,0,0,0,0,29.84
1660609523736,1,0,57.25,0,0,0,0,0,0,29.84
1660612803299,1,0,57.25,4,0,0,0,0,0,29.84
1660619362463,1,0,57.25,7,0,0,0,0,0,29.84
1660622642073,1,0,57.25,5,0,0,0,0,0,29.84
1660629201241,1,0,57.25,6,0,0,0,0,0,29.84
1660632480837,1,0,57.25,3,0,0,0,0,0,29.84
1660633068782,1,0,57.25,1,0,0,0,0,0,29.84
1660633396551,1,0,57.25,0,0,0,0,0,0,29.84
1660639040045,1,0,57.25,0,0,0,0,0,0,29.84
1660642319374,1,0,57.25,0,0,0,0,0,0,29.84
1660648878078,1,0,57.25,0,0,0,0,0,0,29.84
1660652157463,1,0,57.25,0,0,0,0,0,0,29.84
1660082401750,1,0,57.25,0,0,0,0,0,1,29.84
1660127683055,1,0,57.25,0,0,0,0,0,0,29.84
1660168801667,1,0,57.25,0,0,0,0,0,1,29.84
1660215601673,1,0,57.25,0,0,0,0,0,0,29.84
1660255201725,1,0,57.25,0,0,0,0,0,1,29.84
1660301878053,1,0,57.25,0,0,0,0,0,0,29.84
1660341601751,1,0,57.25,0,0,0,0,0,1,29.84
1660385431772,1,0,57.25,0,0,0,0,0,0,29.84
1660428001763,1,0,57.25,0,0,0,0,0,1,29.84
1660472990553,1,0,57.25,0,0,0,0,0,0,29.84
1660514401802,1,0,57.25,0,0,0,0,0,1,29.84
1660561201863,1,0,57.25,0,0,0,0,0,0,29.84
1660600801788,1,0,57.25,0,0,0,0,0,1,29.84
1660647601827,1,0,57.25,0,0,0,0,0,0,29.84
1660528402896,1,0,57.25,0,0,0,1,0,0,29.84
1660528461298,1,0,57.25,0,0,0,1,0,0,29.84
1660528520200,1,0,57.25,0,0,0,1,0,0,29.84
1660528578520,1,0,57.25,0,0,0,1,0,0,29.84
1660528652970,1,0,57.25,0,0,0,1,0,0,29.84
1660528817034,1,0,57.25,0,0,0,1,0,0,29.84
1660528945146,1,0,57.25,0,0,0,1,0,0,29.84
1660529035060,1,0,57.25,0,0,0,1,0,0,29.84
1660529210618,1,0,57.25,0,0,0,1,0,0,29.84
1660554041254,1,0,57.25,0,0,0,1,0,0,29.84
1660554108506,1,0,57.25,0,0,0,1,0,0,29.84
1660554722774,1,0,57.25,0,0,0,1,0,0,29.84
1660554783387,1,0,57.25,0,0,0,1,0,0,29.84
1660554841689,1,0,57.25,0,0,0,1,0,0,29.84
1660554926986,1,0,57.25,0,0,0,1,0,0,29.84
1660554985543,1,0,57.25,0,0,0,1,0,0,29.84
1660555043726,1,0,57.25,0,0,0,1,0,0,29.84
1660555106386,1,0,57.25,0,0,0,1,0,0,29.84
1660555654940,1,0,57.25,0,0,0,1,0,0,29.84
1660556132685,1,0,57.25,0,0,0,1,0,0,29.84
1660556199667,1,0,57.25,0,0,0,1,0,0,29.84
1660558627787,1,0,57.25,0,0,0,1,0,0,29.84
1660564328127,1,0,57.25,0,0,0,1,0,0,29.84
1660564386223,1,0,57.25,0,0,0,1,0,0,29.84
1660605578245,1,0,57.25,0,0,0,1,0,0,29.84
1660605680987,1,0,57.25,0,0,0,1,0,0,29.84
1660605764228,1,0,57.25,0,0,0,1,0,0,29.84
1660605837190,1,0,57.25,0,0,0,1,0,0,29.84
1660605896543,1,0,57.25,0,0,0,1,0,0,29.84
1660607051164,1,0,57.25,0,0,0,1,0,0,29.84
1660607118666,1,0,57.25,0,0,0,1,0,0,29.84
1660607217607,1,0,57.25,0,0,0,1,0,0,29.84
1660607328581,1,0,57.25,0,0,0,1,0,0,29.84
1660607457491,1,0,57.25,0,0,0,1,0,0,29.84
1660607599779,1,0,57.25,0,0,0,1,0,0,29.84
1660607665265,1,0,57.25,0,0,0,1,0,0,29.84
1660609208411,1,0,57.25,0,0,0,1,0,0,29.84
1660609268891,1,0,57.25,0,0,0,1,0,0,29.84
1660612158102,1,0,57.25,0,0,0,1,0,0,29.84
1660615041606,1,0,57.25,0,0,0,1,0,0,29.84
1660615111991,1,0,57.25,0,0,0,1,0,0,29.84
1660615179200,1,0,57.25,0,0,0,1,0,0,29.84
1660615378555,1,0,57.25,0,0,0,1,0,0,29.84
1660615438790,1,0,57.25,0,0,0,1,0,0,29.84
1660615498905,1,0,57.25,0,0,0,1,0,0,29.84
1660624674893,1,0,57.25,0,0,0,1,0,0,29.84
1660625333925,1,0,57.25,0,0,0,1,0,0,29.84
1660626153097,1,0,57.25,0,0,0,1,0,0,29.84
1660626886903,1,0,57.25,0,0,0,1,0,0,29.84
1660627024356,1,0,57.25,0,0,0,1,0,0,29.84
1660627494277,1,0,57.25,0,0,0,1,0,0,29.84
1660628283083,1,0,57.25,0,0,0,1,0,0,29.84
1660628348393,1,0,57.25,0,0,0,1,0,0,29.84
1660628524568,1,0,57.25,0,0,0,1,0,0,29.84
1660628700280,1,0,57.25,0,0,0,1,0,0,29.84
1660628821936,1,0,57.25,0,0,0,1,0,0,29.84
1660629011863,1,0,57.25,0,0,0,1,0,0,29.84
1660629078379,1,0,57.25,0,0,0,1,0,0,29.84
1660629137044,1,0,57.25,0,0,0,1,0,0,29.84
1660630158392,1,0,57.25,0,0,0,1,0,0,29.84
1660630309432,1,0,57.25,0,0,0,1,0,0,29.84
1660633399853,1,0,57.25,0,0,0,1,0,0,29.84
1660637126687,1,0,57.25,0,0,0,1,0,0,29.84
1660638107289,1,0,57.25,0,0,0,1,0,0,29.84
1660638166119,1,0,57.25,0,0,0,1,0,0,29.84
1660638525020,1,0,57.25,0,0,0,1,0,0,29.84
1660638601212,1,0,57.25,0,0,0,1,0,0,29.84
1660638763486,1,0,57.25,0,0,0,1,0,0,29.84
1660638982314,1,0,57.25,0,0,0,1,0,0,29.84
1660640722084,1,0,57.25,0,0,0,1,0,0,29.84
1660640780182,1,0,57.25,0,0,0,1,0,0,29.84
1660640838321,1,0,57.25,0,0,0,1,0,0,29.84
1660640896824,1,0,57.25,0,0,0,1,0,0,29.84
1660640957446,1,0,57.25,0,0,0,1,0,0,29.84
1660641016956,1,0,57.25,0,0,0,1,0,0,29.84
1660641075575,1,0,57.25,0,0,0,1,0,0,29.84
1660641146163,1,0,57.25,0,0,0,1,0,0,29.84
1660641204507,1,0,57.25,0,0,0,1,0,0,29.84
1660641267959,1,0,57.25,0,0,0,1,0,0,29.84
1660641329031,1,0,57.25,0,0,0,1,0,0,29.84
1660641393149,1,0,57.25,0,0,0,1,0,0,29.84
1660641451726,1,0,57.25,0,0,0,1,0,0,29.84
1660641524306,1,0,57.25,0,0,0,1,0,0,29.84
1660641587085,1,0,57.25,0,0,0,1,0,0,29.84
1660641655326,1,0,57.25,0,0,0,1,0,0,29.84
1660641714865,1,0,57.25,0,0,0,1,0,0,29.84
1660641775475,1,0,57.25,0,0,0,1,0,0,29.84
1660641836622,1,0,57.25,0,0,0,1,0,0,29.84
1660641894950,1,0,57.25,0,0,0,1,0,0,29.84
1660641961473,1,0,57.25,0,0,0,1,0,0,29.84
1660642021891,1,0,57.25,0,0,0,1,0,0,29.84
1660642080277,1,0,57.25,0,0,0,1,0,0,29.84
1660642826003,1,0,57.25,0,0,0,1,0,0,29.84
1660652761150,1,0,57.25,0,0,0,1,0,0,29.84
1660652819839,1,0,57.25,0,0,0,1,0,0,29.84
1660652903157,1,0,57.25,0,0,0,1,0,0,29.84
1660652973548,1,0,57.25,0,0,0,1,0,0,29.84
1660653041551,1,0,57.25,0,0,0,1,0,0,29.84
1660653163575,1,0,57.25,0,0,0,1,0,0,29.84
1660653226078,1,0,57.25,0,0,0,1,0,0,29.84
1660652874690,1,0,57.25,0,0,0,1,0,0,29.85
1660656168619,1,0,57.25,0,0,0,1,0,0,29.95
1660654796931,1,0,60.03,0,0,0,1,0,0,29.95
1660656300516,1,0,60.03,0,1,0,1,0,0,29.95
1660657151908,1,0,60.03,0,0,0,1,0,0,29.95
1660656291757,1,0,60.03,0,0,0,1,0,0,29.95
1660657302899,1,0,60.03,0,0,0,1,0,0,29.95
1660657471530,1,0,60.03,0,0,0,1,0,0,29.95
1660658716395,1,0,60.03,0,0,0,1,0,0,29.95
1660661995827,1,0,60.03,0,0,0,1,0,0,29.95
1660662756484,1,0,60.03,0,0,0,1,0,0,29.99
1660666050427,1,0,60.03,0,0,0,1,0,0,30.05
1660668554803,1,0,60.03,0,0,0,1,0,0,30.05
1660671834145,1,0,60.03,0,0,0,1,0,0,30.05
1660672638283,1,0,60.03,0,0,0,1,0,0,30.08
1660675932146,1,0,60.03,0,0,0,1,0,0,30.08
1660678392838,1,0,60.03,0,0,0,1,0,0,30.08
1660681672189,1,0,60.03,0,0,0,1,0,0,30.08
1660682520105,1,0,60.03,0,0,0,1,0,0,30.09
1660685814179,1,0,60.03,0,0,0,1,0,0,30.06
1660687201749,1,0,60.03,0,0,0,1,0,1,30.06
1660690039326,1,0,60.03,0,1,0,1,0,1,30.06
1660690736221,1,0,60.03,0,0,0,1,0,1,30.06
1660690739302,1,0,60.03,0,0,0,1,0,1,30.06
1660688230965,1,0,60.03,0,0,0,1,0,1,30.06
1660691510674,1,0,60.03,3,0,0,1,0,1,30.06
1660689108192,1,0,60.03,3,0,0,1,0,1,30.06
1660692402208,1,0,60.03,3,0,0,1,0,1,29.99
1660694385828,1,0,60.03,3,0,0,1,0,1,29.99
1660694498887,1,0,60.03,3,0,0,1,0,1,29.99
1660695651782,1,0,60.03,3,1,0,1,0,1,29.99
1660695676348,1,0,60.03,3,0,0,1,0,1,29.99
1660696866256,1,1,60.03,3,0,0,1,0,1,29.99
1660696929996,1,0,60.03,3,0,0,1,0,1,29.99
1660696843366,1,0,60.03,3,0,0,1,0,1,29.99
1660696940733,1,0,60.03,3,0,0,1,0,1,29.99
1660696608864,1,0,60.03,3,1,0,1,0,1,29.99
1660696674239,1,0,60.03,3,0,0,1,0,1,29.99
1660697043693,1,1,60.03,3,0,0,1,0,1,29.99
1660697102205,1,0,60.03,3,0,0,1,0,1,29.99
1660696277111,1,0,60.03,6,0,0,1,0,1,29.99
1660697041914,1,0,60.03,3,0,0,1,0,1,29.99
1660697076678,1,0,60.03,1,0,0,1,0,1,29.99
1660698025246,1,0,60.03,3,0,0,1,0,1,29.99
1660697369983,1,0,60.03,3,0,0,1,0,1,29.99
1660697434662,1,0,60.03,3,0,0,1,0,1,29.99
1660697494702,1,0,60.03,3,0,0,1,0,1,29.99
1660697553072,1,0,60.03,3,0,0,1,0,1,29.99
1660697611555,1,0,60.03,3,0,0,1,0,1,29.99
1660697679631,1,0,60.03,3,0,0,1,0,1,29.99
1660697760066,1,0,60.03,3,0,0,1,0,1,29.99
1660698016061,1,0,60.03,3,0,0,1,0,1,29.99
1660698135605,1,0,60.03,3,0,0,1,0,1,29.99
1660698214352,1,0,60.03,3,0,0,1,0,1,29.99
1660698295968,1,0,60.03,3,0,0,1,0,1,29.99
1660698485468,1,0,60.03,3,0,0,1,0,1,29.99
1660698573623,1,0,60.03,3,0,0,1,0,1,29.99
1660698719363,1,0,60.03,3,0,0,1,0,1,29.99
1660698837230,1,0,60.03,3,0,0,1,0,1,29.99
1660698954742,1,0,60.03,3,0,0,1,0,1,29.99
1660699303047,1,0,60.03,3,0,0,1,0,1,29.99
1660699361938,1,0,60.03,3,0,0,1,0,1,29.99
1660699429147,1,0,60.03,3,0,0,1,0,1,29.99
1660699502661,1,0,60.03,3,0,0,1,0,1,29.99
1660699560981,1,0,60.03,3,0,0,1,0,1,29.99
1660699647159,1,0,60.03,3,0,0,1,0,1,29.99
1660699706470,1,0,60.03,3,0,0,1,0,1,29.99
1660701077720,1,0,60.03,3,0,0,1,0,1,29.99
1660698990283,1,0,60.03,3,0,0,1,0,1,30
1660702284311,1,0,60.03,3,0,0,1,0,1,30.03
1660705578307,1,0,65,3,0,0,1,0,1,30.03
1660704629636,1,0,65,3,0,0,1,0,1,30.03
1660707909446,1,0,65,3,0,0,1,0,1,30.03
1660711852544,1,0,65,3,0,1,1,0,1,30.03
1660711821737,1,0,65,3,1,1,1,0,1,30.03
1660708872368,1,0,65,3,1,1,1,0,1,30
1660712166501,1,0,65,3,1,1,1,0,1,30
1660712019932,1,0,65,3,1,0,1,0,1,30
1660712035661,1,0,65,3,1,1,1,0,1,30
1660712020451,1,0,65,3,0,1,1,0,1,30
1660713517105,1,0,65,3,0,1,1,0,1,30
1660715460552,1,0,66.03,3,0,1,1,0,1,30
1660716814633,1,0,66.03,1,0,1,1,0,1,30
1660717748296,1,0,66.03,6,0,1,1,0,1,30
1660718107806,1,0,66.03,3,0,1,1,0,1,30
1660718754705,1,0,66.03,3,0,1,1,0,1,29.95
1660720766354,1,0,66.03,3,0,1,1,0,1,29.95
1660720840497,1,0,66.03,3,0,1,1,0,1,29.95
1660721504001,1,0,66.03,3,0,1,1,0,1,29.95
1660721609784,1,0,66.03,3,0,1,1,0,1,29.95
1660721719841,1,0,66.03,3,0,1,1,0,1,29.95
1660721814455,1,0,66.03,3,0,1,1,0,1,29.95
1660722080639,1,0,66.03,3,0,1,1,0,1,29.95
1660722192713,1,0,66.03,3,0,1,1,0,1,29.95
1660722284197,1,0,66.03,3,0,1,1,0,1,29.95
1660722048822,1,0,65.98,3,0,1,1,0,1,29.95
1660725342947,1,0,65.6,3,0,1,1,0,1,29.95
1660726589894,1,0,65.6,3,0,0,1,0,1,29.95
1660726571612,1,0,65.6,3,0,0,1,0,1,29.95
1660726587420,1,0,65.6,3,1,0,1,0,1,29.95
1660727711974,1,0,65.6,3,0,0,1,0,1,29.95
1660727762087,1,0,65.6,3,0,0,1,0,1,29.95
1660727938770,1,0,65.6,3,0,0,1,0,1,29.95
1660728637038,1,0,65.6,3,0,0,1,0,1,29.96
1660729857065,1,0,59.9,3,0,0,1,0,1,29.96
1660729602635,1,0,59.9,3,0,0,1,0,1,29.96
1660729661952,1,0,59.9,3,0,0,1,0,1,29.96
1660729756612,1,0,59.9,3,0,0,1,0,1,29.96
1660729836741,1,0,59.9,3,0,0,1,0,1,29.96
1660730062488,1,0,59.9,3,1,0,1,0,1,29.96
1660730089729,1,0,59.9,3,0,0,1,0,1,29.96
1660730056088,1,0,59.9,3,0,0,1,0,1,29.96
1660730917591,1,0,59.9,3,0,0,1,0,1,29.96
1660730991565,1,0,59.9,3,0,0,1,0,1,29.96
1660731050645,1,0,59.9,3,0,0,1,0,1,29.96
1660731153506,1,0,59.9,3,0,0,1,0,1,29.96
1660731211786,1,0,59.9,3,0,0,1,0,1,29.96
1660731305485,1,0,59.9,3,0,0,1,0,1,29.96
1660731379256,1,0,59.9,3,0,0,1,0,1,29.96
1660731579870,1,0,59.9,3,0,0,1,0,1,29.96
1660731931107,1,0,59.9,3,0,0,1,0,1,29.62
1660732317514,1,0,59.9,3,0,0,1,0,1,29.62
1660732397639,1,0,59.9,3,0,0,1,0,1,29.62
1660732537667,1,0,59.9,3,0,0,1,0,1,29.62
1660734001776,1,0,59.9,3,0,0,1,0,0,29.62
1660735225155,1,0,59.9,3,0,0,1,0,0,29.75
1660737085251,1,0,59.9,3,1,0,1,0,0,29.75
1660737148887,1,0,59.9,3,0,0,1,0,0,29.75
1660737171407,1,0,59.9,3,1,0,1,0,0,29.75
1660734146053,1,0,59.9,0,1,0,1,0,0,29.75
1660737425389,1,0,59.9,0,1,0,1,0,0,29.75
1660737116407,1,0,59.9,0,1,0,1,0,0,29.75
1660738090828,1,0,59.9,0,0,0,1,0,0,29.75
1660738126025,1,0,59.9,0,0,0,1,0,0,29.75
1660738355865,1,0,59.9,0,0,0,1,0,0,29.75
1660738519099,1,0,65.13,0,0,0,1,0,0,29.75
1660738641113,1,0,65.13,0,0,0,1,0,0,29.75
1660738745368,1,0,65.13,0,0,0,1,0,0,29.75
1660738813738,1,0,65.13,0,0,0,1,0,0,29.75
1660739332024,1,0,65.13,0,0,0,1,0,0,29.75
1660740218883,1,0,65.13,0,0,0,1,0,0,29.75
1660741813192,1,0,65.13,0,0,0,1,0,0,29.87
1660746321156,1,0,65.13,0,0,1,1,0,0,29.87
1660746320631,1,0,65.13,0,1,1,1,0,0,29.87
1660746521076,1,0,65.13,0,0,1,1,0,0,29.87
1660743984160,1,0,65.13,0,0,1,1,0,0,29.87
1660747263745,1,0,65.13,0,0,1,1,0,0,29.87
1660745107309,1,0,69.19,0,0,1,1,0,0,29.87
1660748401436,1,0,69.36,0,0,1,1,0,0,29.87
1660751695563,1,0,69.36,0,0,1,1,0,0,29.91
1660754989709,1,0,68.02,0,0,1,1,0,0,29.91
1660758283893,1,0,67.35,0,0,1,1,0,0,29.91
1660753822711,1,0,67.35,0,0,1,1,0,0,29.91
1660757102061,1,0,67.35,0,0,1,1,0,0,29.91
1660761577987,1,0,67.35,0,0,1,1,0,0,29.81
1660763660799,1,0,67.35,0,0,1,1,0,0,29.81
1660766940171,1,0,67.35,0,0,1,1,0,0,29.81
1660764872154,1,0,66.55,0,0,1,1,0,0,29.81
1660768166276,1,0,66.43,0,0,1,1,0,0,29.81
1660769798582,1,0,66.43,0,0,0,1,0,0,29.81
1660770546471,1,0,66.43,0,0,0,1,0,0,29.81
1660771460353,1,0,66.43,0,0,0,1,0,0,29.72
1660772004902,1,1,66.43,0,0,0,1,0,0,29.72
1660770219572,1,1,66.43,0,0,0,1,0,0,29.72
1660773109425,1,1,66.43,0,0,0,1,0,0,29.72
1660773601845,1,1,66.43,0,0,0,1,0,1,29.72
1660774754476,1,1,66.43,0,0,0,1,0,1,30.03
1660774980182,1,1,66.43,0,1,0,1,0,1,30.03
1660775009222,1,0,66.43,0,1,0,1,0,1,30.03
1660775377098,1,1,66.43,0,1,0,1,0,1,30.03
1660775447775,1,0,66.43,0,1,0,1,0,1,30.03
1660775498632,1,1,66.43,0,1,0,1,0,1,30.03
1660775524106,1,0,66.43,0,1,0,1,0,1,30.03
1660775298331,1,0,66.43,0,0,0,1,0,1,30.03
1660773498942,1,0,66.43,3,0,0,1,0,1,30.03
1660775407821,1,0,66.43,5,0,0,1,0,1,30.03
1660778048512,1,0,66.43,5,0,0,1,0,1,29.91
1660779107542,1,0,66.43,5,0,0,1,0,1,29.91
1660779184566,1,0,66.43,5,0,0,1,0,1,29.91
1660779194133,1,0,66.43,5,1,0,1,0,1,29.91
1660779256244,1,0,66.43,5,0,0,1,0,1,29.91
1660779258218,1,0,66.43,5,0,0,1,0,1,29.91
1660779317069,1,0,66.43,5,0,0,1,0,1,29.91
1660779646839,1,0,66.43,5,0,0,1,0,1,29.91
1660779728052,1,0,66.43,5,0,0,1,0,1,29.91
1660779833036,1,0,66.43,5,0,0,1,0,1,29.91
1660779903199,1,0,66.43,5,0,0,1,0,1,29.91
1660779974312,1,0,66.43,5,0,0,1,0,1,29.91
1660780048726,1,0,66.43,5,0,0,1,0,1,29.91
1660780134033,1,0,66.43,5,0,0,1,0,1,29.91
1660780197394,1,0,66.43,5,0,0,1,0,1,29.91
1660780262194,1,0,66.43,5,0,0,1,0,1,29.91
1660780320466,1,0,66.43,5,0,0,1,0,1,29.91
1660780388313,1,0,66.43,5,0,0,1,0,1,29.91
1660780446513,1,0,66.43,5,0,0,1,0,1,29.91
1660780505245,1,0,66.43,5,0,0,1,0,1,29.91
1660780597414,1,0,66.43,5,0,0,1,0,1,29.91
1660780696907,1,0,66.43,5,0,0,1,0,1,29.91
1660780812787,1,0,66.43,5,0,0,1,0,1,29.91
1660780873764,1,0,66.43,5,0,0,1,0,1,29.91
1660781000246,1,0,66.43,5,0,0,1,0,1,29.91
1660781106446,1,0,66.43,5,0,0,1,0,1,29.91
1660781187274,1,0,66.43,5,0,0,1,0,1,29.91
1660781258110,1,0,66.43,5,0,0,1,0,1,29.91
1660781330586,1,0,66.43,5,0,0,1,0,1,29.91
1660781395861,1,0,66.43,5,0,0,1,0,1,29.91
1660782172789,1,0,66.43,5,0,0,1,0,1,29.91
1660782931110,1,0,66.43,5,1,0,1,0,1,29.91
1660782998001,1,0,66.43,5,0,0,1,0,1,29.91
1660780058121,1,0,66.43,7,0,0,1,0,1,29.91
1660783337674,1,0,66.43,6,0,0,1,0,1,29.91
1660782232222,1,0,66.43,6,0,0,1,0,1,29.91
1660782296767,1,0,66.43,6,0,0,1,0,1,29.91
1660782388321,1,0,66.43,6,0,0,1,0,1,29.91
1660782454021,1,0,66.43,6,0,0,1,0,1,29.91
1660782519832,1,0,66.43,6,0,0,1,0,1,29.91
1660782585059,1,0,66.43,6,0,0,1,0,1,29.91
1660782643222,1,0,66.43,6,0,0,1,0,1,29.91
1660782705924,1,0,66.43,6,0,0,1,0,1,29.91
1660782764048,1,0,66.43,6,0,0,1,0,1,29.91
1660782822757,1,0,66.43,6,0,0,1,0,1,29.91
1660782882869,1,0,66.43,6,0,0,1,0,1,29.91
1660783890390,1,0,66.43,6,1,0,1,0,1,29.91
1660783963306,1,0,66.43,6,0,0,1,0,1,29.91
1660781342638,1,0,66.43,6,0,0,1,0,1,29.87
1660784636718,1,0,66.43,6,0,0,1,0,1,29.84
1660784822475,1,0,66.43,6,0,0,1,0,1,29.84
1660787930923,1,0,66.03,6,0,0,1,0,1,29.84
1660792560993,1,0,66.03,6,1,0,1,0,1,29.84
1660792701168,1,0,66.03,6,0,0,1,0,1,29.84
1660792553078,1,0,66.03,6,0,0,1,0,1,29.84
1660792703671,1,0,66.03,6,0,0,1,0,1,29.84
1660792762152,1,0,66.03,6,0,0,1,0,1,29.84
1660789896621,1,0,66.03,8,0,0,1,0,1,29.84
1660793175988,1,0,66.03,9,0,0,1,0,1,29.84
1660794014331,1,1,66.03,9,0,0,1,0,1,29.84
1660794061965,1,0,66.03,9,0,0,1,0,1,29.84
1660793875039,1,0,66.03,9,0,0,1,0,1,29.84
1660793985031,1,0,66.03,9,0,0,1,0,1,29.84
1660794051556,1,0,66.03,9,0,0,1,0,1,29.84
1660791225144,1,0,66.03,9,0,0,1,0,1,29.87
1660794519317,1,0,66.03,9,0,0,1,0,1,29.87
1660794588215,1,0,66.03,1,0,0,1,0,1,29.87
1660795164274,1,0,66.03,1,0,0,1,0,1,29.87
1660795511895,1,0,66.03,1,0,0,1,0,1,29.87
1660795522523,1,0,66.03,1,0,0,1,0,1,29.87
1660795585906,1,0,66.03,1,0,0,1,0,1,29.87
1660796455489,1,0,66.03,1,0,0,1,0,1,29.87
1660797202377,1,0,66.03,1,0,0,1,0,1,29.87
1660797490416,1,0,66.03,3,0,0,1,0,1,29.87
1660797813417,1,0,66.03,3,0,0,1,0,1,29.99
1660797867843,1,0,66.03,3,0,0,1,0,1,29.99
1660798379365,1,0,66.03,1,0,0,1,0,1,29.99
1660798002753,1,0,66.03,1,0,0,1,0,1,29.99
1660799011381,1,0,66.03,1,0,0,1,0,1,29.99
1660799100574,1,1,66.03,1,0,0,1,0,1,29.99
1660799119505,1,0,66.03,1,0,0,1,0,1,29.99
1660799114374,1,0,66.03,3,0,0,1,0,1,29.99
1660799124307,1,0,66.03,1,0,0,1,0,1,29.99
1660799164045,1,0,66.03,3,0,0,1,0,1,29.99
1660799178947,1,0,66.03,1,0,0,1,0,1,29.99
1660799193848,1,0,66.03,3,0,0,1,0,1,29.99
1660799223655,1,0,66.03,1,0,0,1,0,1,29.99
1660799506721,1,0,66.03,1,0,0,1,0,1,29.99
1660799075980,1,0,66.03,1,0,0,1,0,1,29.99
1660799150106,1,0,66.03,1,0,0,1,0,1,29.99
1660799219966,1,0,66.03,1,0,0,1,0,1,29.99
1660799296702,1,0,66.03,1,0,0,1,0,1,29.99
1660799735265,1,0,66.03,1,0,0,1,0,1,29.99
1660800074891,1,0,66.03,1,0,0,1,0,1,29.99
1660799732395,1,0,66.03,1,0,0,1,0,1,29.99
1660800884405,1,0,66.03,1,0,0,1,0,1,29.99
1660800919173,1,0,66.03,1,0,0,1,0,1,29.99
1660801157559,1,0,66.03,3,0,0,1,0,1,29.99
1660801162527,1,0,66.03,3,0,0,1,0,1,29.99
1660801187362,1,0,66.03,1,0,0,1,0,1,29.99
1660801232069,1,0,66.03,3,0,0,1,0,1,29.99
1660801311532,1,0,66.03,3,0,0,1,0,1,29.99
1660801395963,1,0,66.03,1,0,0,1,0,1,29.99
1660802135926,1,0,66.03,4,0,0,1,0,1,29.99
1660802533222,1,0,66.03,1,0,0,1,0,1,29.99
1660802538198,1,0,66.03,1,0,0,1,0,1,29.99
1660802543162,1,0,66.03,3,0,0,1,0,1,29.99
1660802563039,1,0,66.03,1,0,0,1,0,1,29.99
1660802597796,1,0,66.03,3,0,0,1,0,1,29.99
1660802602764,1,0,66.03,4,0,0,1,0,1,29.99
1660802667330,1,0,66.03,4,0,0,1,0,1,29.99
1660802846114,1,0,66.03,4,0,0,1,0,1,29.99
1660802861015,1,0,66.03,3,0,0,1,0,1,29.99
1660802930543,1,0,66.03,4,0,0,1,0,1,29.99
1660802955377,1,0,66.03,4,0,0,1,0,1,29.99
1660803015016,1,0,66.03,4,0,0,1,0,1,29.99
1660803056709,1,0,66.03,4,0,0,1,0,1,29.99
1660803066650,1,0,66.03,1,0,0,1,0,1,29.99
1660803205702,1,0,66.03,1,0,0,1,0,1,29.99
1660803295101,1,0,66.03,3,0,0,1,0,1,29.99
1660803419262,1,0,66.03,3,0,0,1,0,1,29.99
1660803578186,1,0,66.03,4,0,0,1,0,1,29.99
1660803637790,1,0,66.03,3,0,0,1,0,1,29.99
1660803717252,1,0,66.03,4,0,0,1,0,1,29.99
1660803509321,1,0,66.03,4,0,0,1,1,1,29.99
1660803510416,1,0,66.03,4,0,0,1,0,1,29.99
1660803905975,1,0,66.03,3,0,0,1,0,1,29.99
1660803965574,1,0,66.03,4,0,0,1,0,1,29.99
1660804293357,1,0,66.03,3,0,0,1,0,1,29.99
1660804298327,1,0,66.03,1,0,0,1,0,1,29.99
1660804387725,1,0,66.03,3,0,0,1,0,1,29.99
1660804427461,1,0,66.03,4,0,0,1,0,1,29.99
1660804591349,1,0,66.03,5,0,0,1,0,1,29.99
1660804750270,1,0,66.03,3,0,0,1,0,1,29.99
1660804844641,1,0,66.03,3,0,0,1,0,1,29.99
1660804919128,1,0,66.03,4,0,0,1,0,1,29.99
1660805058188,1,0,66.03,3,0,0,1,0,1,29.99
1660805102885,1,0,66.03,4,0,0,1,0,1,29.99
1660805281670,1,0,66.03,4,0,0,1,0,1,29.99
1660805783248,1,0,66.03,4,0,0,1,0,1,29.99
1660805922299,1,0,66.03,3,0,0,1,0,1,29.99
1660806051419,1,0,66.03,3,0,0,1,0,1,29.99
1660806061351,1,0,66.03,3,0,0,1,0,1,29.99
1660806066325,1,0,66.03,4,0,0,1,0,1,29.99
1660806081222,1,0,66.03,5,0,0,1,0,1,29.99
1660806130883,1,0,66.03,4,0,0,1,0,1,29.99
1660806175579,1,0,66.03,4,0,0,1,0,1,29.99
1660806185516,1,0,66.03,3,0,0,1,0,1,29.99
1660806751211,1,0,66.03,3,1,0,1,0,1,29.99
1660806269938,1,0,66.03,4,1,0,1,0,1,29.99
1660806294809,1,0,66.03,4,1,0,1,0,1,29.99
1660806391136,1,0,66.03,4,1,0,1,0,1,29.99
1660806713934,1,0,66.03,3,1,0,1,0,1,29.99
1660806738768,1,0,66.03,4,1,0,1,0,1,29.99
1660806743812,1,0,66.03,4,1,0,1,0,1,29.99
1660806931755,1,0,66.03,4,0,0,1,0,1,29.99
1660806952107,1,0,66.03,4,1,0,1,0,1,29.99
1660806964131,1,0,66.03,4,0,0,1,0,1,29.99
1660806818227,1,0,66.03,3,0,0,1,0,1,29.99
1660807076469,1,0,66.03,3,0,0,1,0,1,29.99
1660807160895,1,0,66.03,3,0,0,1,0,1,29.99
1660807220493,1,0,66.03,3,0,0,1,0,1,29.99
1660807394307,1,0,66.03,1,0,0,1,0,1,29.99
1660806934125,1,0,66.03,1,0,0,1,0,1,29.99
1660807000507,1,0,66.03,1,0,0,1,0,1,29.99
1660804401551,1,0,66.03,1,0,0,1,0,1,29.98
1660807695617,1,0,66.03,1,0,0,1,0,1,30.16
1660807985259,1,0,66.03,3,0,0,1,0,1,30.16
1660808034922,1,0,66.03,4,0,0,1,0,1,30.16
1660808084584,1,0,66.03,4,0,0,1,0,1,30.16
1660808933797,1,0,66.03,4,0,0,1,0,1,30.16
1660808963595,1,0,66.03,3,0,0,1,0,1,30.16
1660809033121,1,0,66.03,1,0,0,1,0,1,30.16
1660809102649,1,0,66.03,1,0,0,1,0,1,30.16
1660808617192,1,0,66.03,1,0,0,1,0,1,30.16
1660809574474,1,0,66.03,1,0,0,1,0,1,30.16
1660809998547,1,0,66.03,1,0,0,1,0,1,30.16
1660810058149,1,0,66.03,3,0,0,1,0,1,30.16
1660810087948,1,0,66.03,4,0,0,1,0,1,30.16
1660810122717,1,0,66.03,4,0,0,1,0,1,30.16
1660810410749,1,0,66.03,4,0,0,1,0,1,30.16
1660810703741,1,0,66.03,3,0,0,1,0,1,30.16
1660810842788,1,0,66.03,3,0,0,1,0,1,30.16
1660810897418,1,0,66.03,4,0,0,1,0,1,30.16
1660810996741,1,0,66.03,3,0,0,1,0,1,30.16
1660810917314,1,0,66.03,3,0,0,1,0,1,30.16
1660810989759,1,0,66.03,3,0,0,1,0,1,30.1
1660810786835,1,0,66.03,3,1,0,1,0,1,30.1
1660810914383,1,0,66.03,3,0,0,1,0,1,30.1
1660811418834,1,0,66.03,4,0,0,1,0,1,30.1
1660811453600,1,0,66.03,4,0,0,1,0,1,30.1
1660811538022,1,0,66.03,5,0,0,1,0,1,30.1
1660811587687,1,0,66.03,7,0,0,1,0,1,30.1
1660810495855,1,0,59.85,7,0,0,1,0,1,30.1
1660811701903,1,0,59.85,8,0,0,1,0,1,30.1
1660811781368,1,0,59.85,9,0,0,1,0,1,30.1
1660812114074,1,0,59.85,8,0,0,1,0,1,30.1
1660812138908,1,0,59.85,6,0,0,1,0,1,30.1
1660812158780,1,0,59.85,5,0,0,1,0,1,30.1
1660812173677,1,0,59.85,4,0,0,1,0,1,30.1
1660812188576,1,0,59.85,4,0,0,1,0,1,30.1
1660812203480,1,0,59.85,3,0,0,1,0,1,30.1
1660812263075,1,0,59.85,1,0,0,1,0,1,30.1
1660812719957,1,0,59.85,6,0,0,1,0,1,30.1
1660813634398,1,0,59.85,6,0,0,1,0,1,30.1
1660813693700,1,0,59.85,6,0,0,1,0,1,30.1
1660813752110,1,0,59.85,6,0,0,1,0,1,30.1
1660813810818,1,0,59.85,6,0,0,1,0,1,30.1
1660813889303,1,0,59.85,6,0,0,1,0,1,30.1
1660813951172,1,0,59.85,6,0,0,1,0,1,30.1
1660814010203,1,0,59.85,6,0,0,1,0,1,30.1
1660814283779,1,0,59.85,6,0,0,1,0,1,29.94
1660814272738,1,0,53.83,6,0,0,1,0,1,29.94
1660814068816,1,0,53.83,6,0,0,1,0,1,29.94
1660814167005,1,0,53.83,6,0,0,1,0,1,29.94
1660814225778,1,0,53.83,6,0,0,1,0,1,29.94
1660814292094,1,0,53.83,6,0,0,1,0,1,29.94
1660814350877,1,0,53.83,6,0,0,1,0,1,29.94
1660814409041,1,0,53.83,6,0,0,1,0,1,29.94
1660814491306,1,0,53.83,6,0,0,1,0,1,29.94
1660814555147,1,0,53.83,6,0,0,1,0,1,29.94
1660812854093,1,0,53.83,6,0,0,1,0,1,29.94
1660814926871,1,0,53.83,0,0,0,1,0,1,29.94
1660814622786,1,0,53.83,0,0,0,1,0,1,29.94
1660815671867,1,0,53.83,0,1,0,1,0,1,29.94
1660815677889,1,0,53.83,0,0,0,1,0,1,29.94
1660815661964,1,0,53.83,0,0,0,1,0,1,29.94
1660816282813,1,0,53.83,0,0,0,1,0,1,29.94
1660817577740,1,0,53.83,0,0,0,1,0,1,29.73
1660818740992,1,0,53.83,0,1,0,1,0,1,29.73
1660818769963,1,0,53.83,0,0,0,1,0,1,29.73
1660820401701,1,0,53.83,0,0,0,1,0,0,29.73
1660820871745,1,0,53.83,0,0,0,1,0,0,29.79
1660821539435,1,1,53.83,0,0,0,1,0,0,29.79
1660821635346,1,0,53.83,0,0,0,1,0,0,29.79
1660819413076,1,0,53.83,0,0,0,1,0,0,29.79
1660821535462,1,0,53.83,3,0,0,1,0,0,29.79
1660821614919,1,0,53.83,0,0,0,1,0,0,29.79
1660822170662,1,1,53.83,0,0,0,1,0,0,29.79
1660822243053,1,0,53.83,0,0,0,1,0,0,29.79
1660822227626,1,0,53.83,0,1,0,1,0,0,29.79
1660822279607,1,0,53.83,0,0,0,1,0,0,29.79
1660822171094,1,0,53.83,3,0,0,1,0,0,29.79
1660822220754,1,0,53.83,0,0,0,1,0,0,29.79
1660822694885,1,1,53.83,0,0,0,1,0,0,29.79
1660822783186,1,0,53.83,0,0,0,1,0,0,29.79
1660822239867,1,0,53.83,0,0,1,1,0,0,29.79
1660822768108,1,0,53.83,0,1,1,1,0,0,29.79
1660822692539,1,0,53.83,3,1,1,1,0,0,29.79
1660822719368,1,0,53.83,0,1,1,1,0,0,29.79
1660822729300,1,0,53.83,3,1,1,1,0,0,29.79
1660823831201,1,1,53.83,3,1,1,1,0,0,29.79
1660823916167,1,1,53.83,3,1,1,1,0,0,29.79
1660824165676,1,1,53.83,3,1,1,1,0,0,29.95
1660822234338,1,1,59.9,3,1,1,1,0,0,29.95
1660824215196,1,0,59.9,3,1,1,1,0,0,29.95
1660824350662,1,1,59.9,3,1,1,1,0,0,29.95
1660824386558,1,0,59.9,3,1,1,1,0,0,29.95
1660823108775,1,0,59.9,3,0,1,1,0,0,29.95
1660825531313,1,1,59.9,3,0,1,1,0,0,29.95
1660825534593,1,0,59.9,3,0,1,1,0,0,29.95
1660825621535,1,0,59.9,3,1,1,1,0,0,29.95
1660825882648,1,0,59.9,3,0,1,1,0,0,29.95
1660826509571,1,1,59.9,3,0,1,1,0,0,29.95
1660825458180,1,1,59.9,3,0,1,1,0,0,29.95
1660825615174,1,1,59.9,3,0,1,1,0,0,29.95
1660825885975,1,1,59.9,3,0,1,1,0,0,29.95
1660825949235,1,1,59.9,3,0,1,1,0,0,29.95
1660826569650,1,1,59.9,3,0,1,1,0,0,29.95
1660826735290,1,0,59.9,3,0,1,1,0,0,29.95
1660826889430,1,1,59.9,3,0,1,1,0,0,29.95
1660827459709,1,1,59.9,3,0,1,1,0,0,29.76
1660827566104,1,0,59.9,3,0,1,1,0,0,29.76
1660828038127,1,1,59.9,3,0,1,1,0,0,29.76
1660828052296,1,0,59.9,3,0,1,1,0,0,29.76
1660828084453,1,1,59.9,3,0,1,1,0,0,29.76
1660828476698,1,0,59.9,3,0,1,1,0,0,29.76
1660825972178,1,0,59.9,3,0,1,1,0,0,29.76
1660828461810,1,0,59.9,0,0,1,1,0,0,29.76
1660830753709,1,0,59.9,0,0,1,1,0,0,29.48
1660831523798,1,0,59.84,0,0,1,1,0,0,29.48
1660832530345,1,0,59.84,0,0,1,1,0,0,29.48
1660835809649,1,0,59.84,0,0,1,1,0,0,29.48
1660834047646,1,0,59.84,0,0,1,1,0,0,29.5
1660837341623,1,0,59.84,0,0,1,1,0,0,29.54
1660837779549,1,0,59.84,0,0,0,1,0,0,29.54
1660840635452,1,0,63.92,0,0,0,1,0,0,29.54
1660841802963,1,0,63.92,0,1,0,1,0,0,29.54
1660842038491,1,0,63.92,0,0,0,1,0,0,29.54
1660841934362,1,0,63.92,0,0,0,1,0,0,29.54
1660842368332,1,0,63.92,0,0,0,1,0,0,29.54
1660845647631,1,0,63.92,0,0,0,1,0,0,29.54
1660843929317,1,0,63.92,0,0,0,1,0,0,29.51
1660847223342,1,0,63.92,0,0,0,1,0,0,29.52
1660850517372,1,0,63.92,0,0,0,1,0,0,29.45
1660856000945,1,1,63.92,0,0,0,1,0,0,29.45
1660856020755,1,0,63.92,0,0,0,1,0,0,29.45
1660852206317,1,0,63.92,0,0,0,1,0,0,29.45
1660855485553,1,0,63.92,0,0,0,1,0,0,29.45
1660853811352,1,0,63.92,0,0,0,1,0,0,29.45
1660857105351,1,0,63.92,0,0,0,1,0,0,29.51
1660856011452,1,0,63.92,0,0,1,1,0,0,29.51
1660857171952,1,0,63.92,0,0,0,1,0,0,29.51
1660856008239,1,0,63.92,0,1,0,1,0,0,29.51
1660857166070,1,0,63.92,0,0,0,1,0,0,29.51
1660857175875,1,0,63.92,3,0,0,1,0,0,29.51
1660859093335,1,0,63.92,3,0,0,1,0,0,29.51
1660859113964,1,1,63.92,3,0,0,1,0,0,29.51
1660859243143,1,0,63.92,3,0,0,1,0,0,29.51
1660858765095,1,0,63.92,3,0,0,1,0,0,29.51
1660859213967,1,0,63.92,4,0,0,1,0,0,29.51
1660860001755,1,0,63.92,4,0,0,1,0,1,29.51
1660860399434,1,0,63.92,4,0,0,1,0,1,29.82
1660863693483,1,0,63.92,4,0,0,1,0,1,29.71
1660863596975,1,0,63.92,4,1,0,1,0,1,29.71
1660864882334,1,0,63.92,4,0,0,1,0,1,29.71
1660864884587,1,0,63.92,4,0,0,1,0,1,29.71
1660865013493,1,0,63.92,4,0,0,1,0,1,29.71
1660865089013,1,0,63.92,4,0,0,1,0,1,29.71
1660865162334,1,0,63.92,4,0,0,1,0,1,29.71
1660865299462,1,0,63.92,4,0,0,1,0,1,29.71
1660865432624,1,0,63.92,4,0,0,1,0,1,29.71
1660865711442,1,0,63.92,4,0,0,1,0,1,29.71
1660865847356,1,0,63.92,4,0,0,1,0,1,29.71
1660866084359,1,0,63.92,4,0,0,1,0,1,29.71
1660866777050,1,0,63.92,4,0,0,1,0,1,29.71
1660866808189,1,0,63.92,4,0,0,1,1,1,29.71
1660866226009,1,0,63.92,4,0,0,1,1,1,29.71
1660866294310,1,0,63.92,4,0,0,1,1,1,29.71
1660866371104,1,0,63.92,4,0,0,1,1,1,29.71
1660866454598,1,0,63.92,4,0,0,1,1,1,29.71
1660866588426,1,0,63.92,4,0,0,1,1,1,29.71
1660866697843,1,0,63.92,4,0,0,1,1,1,29.71
1660866795833,1,0,63.92,4,0,0,1,1,1,29.71
1660866810959,1,0,63.92,4,0,0,1,1,1,29.71
1660866815869,1,0,63.92,4,0,0,1,0,1,29.71
1660866818459,1,0,63.92,4,0,0,1,1,1,29.71
1660866821368,1,0,63.92,4,0,0,1,1,1,29.71
1660866825632,1,0,63.92,4,0,0,1,0,1,29.71
1660866841164,1,0,63.92,4,0,0,1,1,1,29.71
1660866845679,1,0,63.92,4,0,0,1,1,1,29.71
1660866854037,1,0,63.92,4,0,0,1,1,1,29.71
1660866912851,1,0,63.92,4,0,0,1,1,1,29.71
1660866971034,1,0,63.92,4,0,0,1,1,1,29.71
1660867034415,1,0,63.92,4,0,0,1,1,1,29.71
1660867093139,1,0,63.92,4,0,0,1,1,1,29.71
1660867222420,1,0,63.92,4,0,0,1,1,1,29.71
1660867288765,1,0,63.92,4,0,0,1,1,1,29.71
1660867352452,1,0,63.92,4,0,0,1,1,1,29.71
1660867453097,1,0,63.92,4,0,0,1,1,1,29.71
1660867541329,1,0,63.92,4,0,0,1,1,1,29.71
1660867605680,1,0,63.92,4,0,0,1,1,1,29.71
1660867667766,1,0,63.92,4,0,0,1,1,1,29.71
1660867738233,1,0,63.92,4,0,0,1,1,1,29.71
1660868470838,1,1,63.92,4,0,0,1,1,1,29.71
1660868590233,1,0,63.92,4,0,0,1,1,1,29.71
1660868632951,1,0,63.92,4,1,0,1,1,1,29.71
1660868862281,1,0,63.92,4,0,0,1,1,1,29.71
1660868970585,1,0,63.92,4,1,0,1,1,1,29.71
1660868980693,1,0,63.92,4,0,0,1,1,1,29.71
1660865324482,1,0,63.92,7,0,0,1,1,1,29.71
1660868604119,1,0,63.92,8,0,0,1,1,1,29.71
1660868923422,1,0,63.92,8,0,0,1,1,1,29.71
1660868984320,1,0,63.92,8,0,0,1,1,1,29.71
1660869042529,1,0,63.92,8,0,0,1,1,1,29.71
1660869120827,1,0,63.92,8,0,0,1,1,1,29.71
1660869204933,1,0,63.92,8,0,0,1,1,1,29.71
1660869279106,1,0,63.92,8,0,0,1,1,1,29.71
1660869338345,1,0,63.92,8,0,0,1,1,1,29.71
1660869417708,1,0,63.92,8,0,0,1,1,1,29.71
1660869563660,1,0,63.92,8,0,0,1,1,1,29.71
1660869641127,1,0,63.92,8,0,0,1,1,1,29.71
1660869729866,1,0,63.92,8,0,0,1,1,1,29.71
1660866987581,1,0,63.92,8,0,0,1,1,1,29.75
1660870281688,1,0,63.92,8,0,0,1,1,1,29.64
1660870012725,1,0,63.92,8,1,0,1,1,1,29.64
1660870064960,1,0,63.92,8,0,0,1,1,1,29.64
1660869849367,1,0,63.92,8,0,0,1,1,1,29.64
1660869907637,1,0,63.92,8,0,0,1,1,1,29.64
1660869974807,1,0,63.92,8,0,0,1,1,1,29.64
1660870090463,1,0,63.92,8,0,0,1,1,1,29.64
1660870160440,1,0,63.92,8,0,0,1,1,1,29.64
1660870218780,1,0,63.92,8,0,0,1,1,1,29.64
1660870277473,1,0,63.92,8,0,0,1,1,1,29.64
1660870764259,1,0,63.92,8,0,0,1,1,1,29.64
1660871975368,1,0,63.92,8,1,0,1,1,1,29.64
1660872028417,1,0,63.92,8,0,0,1,1,1,29.64
1660872034406,1,0,63.92,8,0,0,1,1,1,29.64
1660872094294,1,0,63.92,8,0,0,1,1,1,29.64
1660873575635,1,0,64.32,8,0,0,1,1,1,29.64
1660873726020,1,1,64.32,8,0,0,1,1,1,29.64
1660873763239,1,0,64.32,8,0,0,1,1,1,29.64
1660876869654,1,0,64.32,8,0,0,1,1,1,29.71
1660875163170,1,0,64.32,7,0,0,1,1,1,29.71
1660877553909,1,0,64.32,1,0,0,1,1,1,29.71
1660878678026,1,0,64.32,1,0,1,1,1,1,29.71
1660878679762,1,0,64.32,1,0,0,1,1,1,29.71
1660878658606,1,0,64.32,1,1,0,1,1,1,29.71
1660879845600,1,0,64.32,1,1,0,1,1,1,29.71
1660879946937,1,0,64.32,1,0,0,1,1,1,29.71
1660879810832,1,0,64.32,1,0,0,1,1,1,29.71
1660879949256,1,0,64.32,1,0,0,1,1,1,29.71
1660880163663,1,0,64.32,1,0,0,1,1,1,29.78
1660878442928,1,0,64.32,1,0,0,1,1,1,29.78
1660881315428,1,0,64.32,1,0,0,1,1,1,29.78
1660883457703,1,0,64.32,1,0,0,1,1,1,29.89
1660881722712,1,0,64.32,1,0,0,1,1,1,29.89
1660883239409,1,0,64.32,1,0,0,1,1,1,29.89
1660883413236,1,0,64.32,1,0,0,1,1,1,29.89
1660883726130,1,0,64.32,1,0,0,1,1,1,29.89
1660884169202,1,0,64.32,1,0,0,1,1,1,29.89
1660884227725,1,0,64.32,1,0,0,1,1,1,29.89
1660884287333,1,0,64.32,1,0,0,1,1,1,29.89
1660884416458,1,0,64.32,3,0,0,1,1,1,29.89
1660884555525,1,0,64.32,1,0,0,1,1,1,29.89
1660884674730,1,0,64.32,1,0,0,1,1,1,29.89
1660884235977,1,0,64.32,1,0,0,1,1,1,29.89
1660884319896,1,0,64.32,1,0,0,1,1,1,29.89
1660884813794,1,0,64.32,1,0,0,1,1,1,29.89
1660884883329,1,0,64.32,1,0,0,1,1,1,29.89
1660884982663,1,0,64.32,1,0,0,1,1,1,29.89
1660885019453,1,0,64.32,1,0,0,1,1,1,29.89
1660885307509,1,0,64.32,1,0,0,1,1,1,29.89
1660885352215,1,0,64.32,8,0,0,1,1,1,29.89
1660885220981,1,0,64.32,8,0,0,1,1,1,29.89
1660884973683,1,0,64.32,8,1,0,1,1,1,29.89
1660884988362,1,0,64.32,8,0,0,1,1,1,29.89
1660885913404,1,0,64.32,1,0,0,1,1,1,29.89
1660885973012,1,0,64.32,1,0,0,1,1,1,29.89
1660886112069,1,0,64.32,3,0,0,1,1,1,29.89
1660886261072,1,0,64.32,3,0,0,1,1,1,29.89
1660886310756,1,0,64.32,1,0,0,1,1,1,29.89
1660886350469,1,0,64.32,3,0,0,1,1,1,29.89
1660886751767,1,0,64.32,3,0,0,1,1,1,30.15
1660886648460,1,0,64.32,1,0,0,1,1,1,30.15
1660886708057,1,0,64.32,1,0,0,1,1,1,30.15
1660886817322,1,0,64.32,1,0,0,1,1,1,30.15
1660887873010,1,0,64.32,1,0,0,1,1,1,30.27
1660887239458,1,0,64.32,1,0,0,1,1,1,30.27
1660887731127,1,0,64.32,1,0,0,1,1,1,30.27
1660888063876,1,0,64.32,1,0,0,1,1,1,30.27
1660888282473,1,0,64.32,1,0,0,1,1,1,30.27
1660888701581,1,0,64.32,1,0,0,1,1,1,30.27
1660888915126,1,0,64.32,1,0,0,1,1,1,30.27
1660889054190,1,0,64.32,1,0,0,1,1,1,30.27
1660889436611,1,0,64.32,3,0,0,1,1,1,30.27
